filename,caption,hashtags
Dda44ZJlE0J_main.jpg,,
Dda44ZJlE0J_image_1.jpg,,
Dda44ZJlE0J_image_2.jpg,,
Dda44ZJlE0J_image_3.jpg,,
Dda44ZJlE0J_image_4.jpg,,
DdX9ksWmaoS_main.jpg,,
DdX9ksWmaoS_image_1.jpg,,
DdX9ksWmaoS_image_2.jpg,,
DdaZQeAmaqq_main.jpg,,
DdaZQeAmaqq_image_1.jpg,,
DdYSrLGlFYr_main.jpg,,
DdYSrLGlFYr_image_1.jpg,,
DdYSrLGlFYr_image_2.jpg,,
DdYSrLGlFYr_image_3.jpg,,
Ddc6nCMGc9a_main.jpg,,
Ddc6nCMGc9a_image_1.jpg,,
Ddc6nCMGc9a_image_2.jpg,,
Ddc6nCMGc9a_image_3.jpg,,
Ddc6nCMGc9a_image_4.jpg,,
Ddc6nCMGc9a_image_5.jpg,,
Ddc6nCMGc9a_image_6.jpg,,
Ddc6nCMGc9a_image_7.jpg,,
Ddc6nCMGc9a_image_8.jpg,,
DddhGZmlFGx_main.jpg,,
DddhGZmlFGx_image_1.jpg,,
DddhGZmlFGx_image_2.jpg,,
DddhGZmlFGx_image_3.jpg,,
DddhGZmlFGx_image_4.jpg,,
DddhGZmlFGx_image_5.jpg,,
DdeG1YflI4G_main.jpg,,
DdeG1YflI4G_image_1.jpg,,
DdeG1YflI4G_image_2.jpg,,
DdeG1YflI4G_image_3.jpg,,
DdeG1YflI4G_image_4.jpg,,
DdbN7FVFA2x_main.jpg,,
DdbN7FVFA2x_image_1.jpg,,
DdbN7FVFA2x_image_2.jpg,,
DdbN7FVFA2x_image_3.jpg,,
DdbN7FVFA2x_image_4.jpg,,
DdbN7FVFA2x_image_5.jpg,,
DdbN7FVFA2x_image_6.jpg,,
DdbN7FVFA2x_image_7.jpg,,
DdbN7FVFA2x_image_8.jpg,,
DdVxLATFJNe_main.jpg,,
DdVxLATFJNe_image_1.jpg,,
DdT_bvuFEkc_main.jpg,,
DdT_bvuFEkc_image_1.jpg,,
DdT8oKGlLMR_main.jpg,,
DdT8oKGlLMR_image_1.jpg,,
DdT8oKGlLMR_image_2.jpg,,
DdWqQPoGeKv_main.jpg,,
DdWqQPoGeKv_image_1.jpg,,
DdWqQPoGeKv_image_2.jpg,,
DdWqQPoGeKv_image_3.jpg,,
DdWqQPoGeKv_image_4.jpg,,
DdRm_ivGUl__main.jpg,,
DdRm_ivGUl__image_1.jpg,,
DdRm_ivGUl__image_2.jpg,,
DdZIpuQmXfI_main.jpg,,
DdZIpuQmXfI_image_1.jpg,,
DdehksoGd4b_main.jpg,,
DdehksoGd4b_image_1.jpg,,
DdXsaTiGYV4_main.jpg,,
DdXsaTiGYV4_image_1.jpg,,
DdXsaTiGYV4_image_2.jpg,,
DdXsaTiGYV4_image_3.jpg,,
DdXsaTiGYV4_image_4.jpg,,
DdeYzG7TgID_main.jpg,,
Ddb11B3mbU3_main.jpg,,
Ddb11B3mbU3_image_1.jpg,,
Ddb11B3mbU3_image_2.jpg,,
DdS4xn_keh7_main.jpg,,
DdS4xn_keh7_image_1.jpg,,
DdS4xn_keh7_image_2.jpg,,
DdS4xn_keh7_image_3.jpg,,
DdS4xn_keh7_image_4.jpg,,
DdS4xn_keh7_image_5.jpg,,
DdS4xn_keh7_image_6.jpg,,
DdS4xn_keh7_image_7.jpg,,
DdWEiO5lF7E_main.jpg,,
DdWEiO5lF7E_image_1.jpg,,
DdWEiO5lF7E_image_2.jpg,,
DdWEiO5lF7E_image_3.jpg,,
DdOHk53lA65_main.jpg,,
DdOHk53lA65_image_1.jpg,,
DdOHk53lA65_image_2.jpg,,
DdOHk53lA65_image_3.jpg,,
DdOHk53lA65_image_4.jpg,,
DdOHk53lA65_image_5.jpg,,
DdOHk53lA65_image_6.jpg,,
DdOHk53lA65_image_7.jpg,,
DdOHk53lA65_image_8.jpg,,
DdOHk53lA65_image_9.jpg,,
DdOHk53lA65_image_10.jpg,,
DdOHk53lA65_image_11.jpg,,
DdPDweBGfNQ_main.jpg,,
DdPDweBGfNQ_image_1.jpg,,
DdPDweBGfNQ_image_2.jpg,,
DdPDweBGfNQ_image_3.jpg,,
DdPDweBGfNQ_image_4.jpg,,
DdPDweBGfNQ_image_5.jpg,,
DdPDweBGfNQ_image_6.jpg,,
DdPDweBGfNQ_image_7.jpg,,
DdOplypFEn8_main.jpg,,
DdOplypFEn8_image_1.jpg,,
DdOplypFEn8_image_2.jpg,,
DdOplypFEn8_image_3.jpg,,
DdOplypFEn8_image_4.jpg,,
DdOplypFEn8_image_5.jpg,,
DdOplypFEn8_image_6.jpg,,
DdRYygNmZZv_main.jpg,,
DdRYygNmZZv_image_1.jpg,,
DdRYygNmZZv_image_2.jpg,,
DdRYygNmZZv_image_3.jpg,,
DdRYygNmZZv_image_4.jpg,,
DdQjBbNkX4X_main.jpg,,
DdQjBbNkX4X_image_1.jpg,,
DdQjBbNkX4X_image_2.jpg,,
DdQjBbNkX4X_image_3.jpg,,
DdQjBbNkX4X_image_4.jpg,,
DdQjBbNkX4X_image_5.jpg,,
DdNfevnGctK_main.jpg,,
DdNfevnGctK_image_1.jpg,,
DdNfevnGctK_image_2.jpg,,
DdNfevnGctK_image_3.jpg,,
DdVW1ewGZrg_main.jpg,,
DdVW1ewGZrg_image_1.jpg,,
DdNz2rAkbrR_main.jpg,,
DdNz2rAkbrR_image_1.jpg,,
DdNz2rAkbrR_image_2.jpg,,
DdNz2rAkbrR_image_3.jpg,,
DdNz2rAkbrR_image_4.jpg,,
DdNz2rAkbrR_image_5.jpg,,
DdNz2rAkbrR_image_6.jpg,,
DdWs8jxmUzU_main.jpg,,
DdWs8jxmUzU_image_1.jpg,,
DdWs8jxmUzU_image_2.jpg,,
DdWs8jxmUzU_image_3.jpg,,
DdWs8jxmUzU_image_4.jpg,,
DdWs8jxmUzU_image_5.jpg,,
DdWs8jxmUzU_image_6.jpg,,
DdWs8jxmUzU_image_7.jpg,,
DdWs8jxmUzU_image_8.jpg,,
DdWs8jxmUzU_image_9.jpg,,
DdI178dFNxi_main.jpg,,
DdI178dFNxi_image_1.jpg,,
DdI178dFNxi_image_2.jpg,,
DdI178dFNxi_image_3.jpg,,
DdI178dFNxi_image_4.jpg,,
DdQKcIAmcql_main.jpg,,
DdQKcIAmcql_image_1.jpg,,
DdQKcIAmcql_image_2.jpg,,
DdQKcIAmcql_image_3.jpg,,
DdQKcIAmcql_image_4.jpg,,
DdQKcIAmcql_image_5.jpg,,
DdQKcIAmcql_image_6.jpg,,
DdQKcIAmcql_image_7.jpg,,
DdMYUiDmQhN_main.jpg,,
DdMYUiDmQhN_image_1.jpg,,
DdMYUiDmQhN_image_2.jpg,,
DdOYzR8FLpn_main.jpg,,
DdOYzR8FLpn_image_1.jpg,,
DdOYzR8FLpn_image_2.jpg,,
DdOP9dbFGlm_main.jpg,,
DdOP9dbFGlm_image_1.jpg,,
DdOP9dbFGlm_image_2.jpg,,
DdOP9dbFGlm_image_3.jpg,,
DdTw426FCX-_main.jpg,,
DdTw426FCX-_image_1.jpg,,
DdTw426FCX-_image_2.jpg,,
DdTw426FCX-_image_3.jpg,,
DdTw426FCX-_image_4.jpg,,
DdTw426FCX-_image_5.jpg,,
DdTw426FCX-_image_6.jpg,,
DdJFyyhFKGS_main.jpg,,
DdJFyyhFKGS_image_1.jpg,,
DdJFyyhFKGS_image_2.jpg,,
DdJFyyhFKGS_image_3.jpg,,
DdJFyyhFKGS_image_4.jpg,,
DdJFyyhFKGS_image_5.jpg,,
DdJFyyhFKGS_image_6.jpg,,
DdKxkcDGQOM_main.jpg,,
DdKxkcDGQOM_image_1.jpg,,
DdKxkcDGQOM_image_2.jpg,,
DdKxkcDGQOM_image_3.jpg,,
DdKxkcDGQOM_image_4.jpg,,
DdKxkcDGQOM_image_5.jpg,,
DdKxkcDGQOM_image_6.jpg,,
DdKxkcDGQOM_image_7.jpg,,
DdKxkcDGQOM_image_8.jpg,,
DdKxkcDGQOM_image_9.jpg,,
DdJ0ciwGWa3_main.jpg,,
DdJ0ciwGWa3_image_1.jpg,,
DdJ0ciwGWa3_image_2.jpg,,
DdIWksDmey2_main.jpg,,
DdIWksDmey2_image_1.jpg,,
DdIWksDmey2_image_2.jpg,,
DdIWksDmey2_image_3.jpg,,
DdIWksDmey2_image_4.jpg,,
DdIWksDmey2_image_5.jpg,,
DdIWksDmey2_image_6.jpg,,
DdIWksDmey2_image_7.jpg,,
DdIWksDmey2_image_8.jpg,,
DdIWksDmey2_image_9.jpg,,
DdIWksDmey2_image_10.jpg,,
DdIWksDmey2_image_11.jpg,,
DdLQBylkbrL_main.jpg,,
DdLQBylkbrL_image_1.jpg,,
DdLQBylkbrL_image_2.jpg,,
DdCDiiiGaHp_main.jpg,,
DdCDiiiGaHp_image_1.jpg,,
DdCDiiiGaHp_image_2.jpg,,
DdCDN6pTOal_main.jpg,,
DdLoywdFIqg_main.jpg,,
DdLoywdFIqg_image_1.jpg,,
DdLoywdFIqg_image_2.jpg,,
DdLoywdFIqg_image_3.jpg,,
DdLoywdFIqg_image_4.jpg,,
DdLoywdFIqg_image_5.jpg,,
DdLoywdFIqg_image_6.jpg,,
DdLoywdFIqg_image_7.jpg,,
DdLoywdFIqg_image_8.jpg,,
DdDYkg6zaE2_main.jpg,,
DdGafyeT48b_main.jpg,,
DdDYeuBTIXW_main.jpg,,
DdDPrSDGcvt_main.jpg,,
DdDPrSDGcvt_image_1.jpg,,
DdDPrSDGcvt_image_2.jpg,,
DdLEQREmeQh_main.jpg,,
DdLEQREmeQh_image_1.jpg,,
DdD_3CHlNSA_main.jpg,,
DdD_3CHlNSA_image_1.jpg,,
DdD_3CHlNSA_image_2.jpg,,
DdD_3CHlNSA_image_3.jpg,,
DdD_3CHlNSA_image_4.jpg,,
DdBn4I8z8w0_main.jpg,,
DdGzISklK8y_main.jpg,,
DdGzISklK8y_image_1.jpg,,
DdGzISklK8y_image_2.jpg,,
DdDP-xymVau_main.jpg,,
DdDP-xymVau_image_1.jpg,,
DdIidbLmZJc_main.jpg,,
DdIidbLmZJc_image_1.jpg,,
DdFx53XGVhR_main.jpg,,
DdFx53XGVhR_image_1.jpg,,
DdFx53XGVhR_image_2.jpg,,
DdFx53XGVhR_image_3.jpg,,
DdFx53XGVhR_image_4.jpg,,
DdGIvsPGTIm_main.jpg,,
DdGIvsPGTIm_image_1.jpg,,
DdGIvsPGTIm_image_2.jpg,,
DdGIvsPGTIm_image_3.jpg,,
DdL6OntFGz-_main.jpg,,
DdL6OntFGz-_image_1.jpg,,
DdL6OntFGz-_image_2.jpg,,
DdL6OntFGz-_image_3.jpg,,
DdL6OntFGz-_image_4.jpg,,
DdL6OntFGz-_image_5.jpg,,
DdL6OntFGz-_image_6.jpg,,
DdQvq40FNcr_main.jpg,,
DdQvq40FNcr_image_1.jpg,,
DdQvq40FNcr_image_2.jpg,,
DdQvq40FNcr_image_3.jpg,,
DdBLBTLFDQ4_main.jpg,,
DdBLBTLFDQ4_image_1.jpg,,
Dc-VSMnmeLu_main.jpg,,
Dc-VSMnmeLu_image_1.jpg,,
Dc-4aYhlA9L_main.jpg,,
Dc-4aYhlA9L_image_1.jpg,,
Dc-4aYhlA9L_image_2.jpg,,
DdAnhVvTD91_main.jpg,,
DdBZXl9FKUT_main.jpg,,
DdBZXl9FKUT_image_1.jpg,,
Dc_IQtzTF70_main.jpg,,
DdCC9WhTUHO_main.jpg,,
Dc-vDS3zZbE_main.jpg,,
Dc-u8zJzZgU_main.jpg,,
Dc-EHefmZ0O_main.jpg,,
Dc-EHefmZ0O_image_1.jpg,,
Dc-EHefmZ0O_image_2.jpg,,
Dc-EHefmZ0O_image_3.jpg,,
DdGaZfLT5BY_main.jpg,,
Dc_IHk6TeIN_main.jpg,,
Dc6UicGGfFT_main.jpg,,
Dc6UicGGfFT_image_1.jpg,,
Dc9D04ATKi6_main.jpg,,
Dc8jc9CFGy8_main.jpg,,
Dc8jc9CFGy8_image_1.jpg,,
Dc5lPqPlEJZ_main.jpg,,
Dc5lPqPlEJZ_image_1.jpg,,
Dc5lPqPlEJZ_image_2.jpg,,
Dc73pgSEUMC_main.jpg,,
Dc73pgSEUMC_image_1.jpg,,
DdTINUAGW1z_main.jpg,,
DdTINUAGW1z_image_1.jpg,,
DdTINUAGW1z_image_2.jpg,,
DdTINUAGW1z_image_3.jpg,,
DdTINUAGW1z_image_4.jpg,,
DdA7W32zCdO_main.jpg,,
Dc9Cjy_zo7f_main.jpg,,
Dc7qO7vmRq__main.jpg,,
Dc7qO7vmRq__image_1.jpg,,
Dc7qO7vmRq__image_2.jpg,,
Dc9DkV-zWyH_main.jpg,,
Dc3j1U3TByz_main.jpg,,
Dc7UQfCTP8v_main.jpg,,
Dc3i37mzp7n_main.jpg,,
Dc3i9imzJOW_main.jpg,,
Dc3jS1cznfI_main.jpg,,
Dc5lGagTHWl_main.jpg,,
Dc8NejFzk0W_main.jpg,,
Dc-NdkETO50_main.jpg,,
Dc345b9TI2v_main.jpg,,
Dc42cl9Gfmm_main.jpg,,
Dc42cl9Gfmm_image_1.jpg,,
Dc42cl9Gfmm_image_2.jpg,,
Dc42cl9Gfmm_image_3.jpg,,
Dc3jKv2T1vg_main.jpg,,
Dc2x9TkkZE7_main.jpg,,
Dc2x9TkkZE7_image_1.jpg,,
Dc2x9TkkZE7_image_2.jpg,,
Dc5NbTPzMfZ_main.jpg,,
Dc306aMTo2O_main.jpg,,
Dc1JOHEzOVy_main.jpg,,
Dc1IPgUGdx2_main.jpg,,
Dc1IPgUGdx2_image_1.jpg,,
Dc1IPgUGdx2_image_2.jpg,,
Dc7VFIeTZG8_main.jpg,,
Dc3jEpmz0YJ_main.jpg,,
Dc1NwyCTdyf_main.jpg,,
Dc2Ts6pzeBF_main.jpg,,
Dc8cj8YFDWx_main.jpg,,
Dc8cj8YFDWx_image_1.jpg,,
Dc8cj8YFDWx_image_2.jpg,,
